tr_build_id,tr_job_id,tr_build_number,tr_original_commit,tr_log_lan,tr_log_status,tr_log_setup_time,tr_log_analyzer,tr_log_frameworks,tr_log_bool_tests_ran,tr_log_bool_tests_failed,tr_log_num_tests_ok,tr_log_num_tests_failed,tr_log_num_tests_run,tr_log_num_tests_skipped,tr_log_num_test_suites_run,tr_log_num_test_suites_ok,tr_log_num_test_suites_failed,tr_log_tests_failed,tr_log_testduration,tr_log_buildduration
116843531,116843532,100,2fc0d89cf6a0bbd6525ae28e9f80b5f8ebe45ae2,ruby,broken,1,ruby,"",false,,,0,,,,,,"",,
116843542,116843543,101,fd9f6295da41adcf23241a56d6135e9e841788ef,ruby,broken,1,ruby,"",false,,,0,,,,,,"",,
116844009,116844010,102,59015be4d2b9484ad0200e8d40395bfc046e51bf,java,ok,1,java-maven,"",false,,,,,,,,,"",0,
116844011,116844012,103,59015be4d2b9484ad0200e8d40395bfc046e51bf,java,ok,2,java-ant,"",false,,,,,,,,,"",,
116844023,116844024,104,a902375f8ea68da8119ac3bfb9b3184adf2ccde1,java,ok,1,java-maven,"",false,,,,,,,,,"",0,
116844834,116844835,105,0b469ef2e91ff6b7bf07e5015b0b77bff118ea3b,java,ok,1,java-maven,"",false,,,,,,,,,"",0,
116864522,116864523,106,8b6e5435c23d898a1c61af54f76d772202addd5d,java,ok,1,java-maven,"",false,,,,,,,,,"",0,
116865331,116865332,107,89b7b1c6ac95137f6cffac8b51ac4881a3e3d2f0,java,ok,1,java-maven,"",false,,,,,,,,,"",0,
116865525,116865526,108,170dc6e6ff3e80cff4d511ed977788a753aef5a9,ruby,broken,6,ruby,"",false,,,0,,,,,,"",,
116885343,116885344,109,9a9f44a56bda5e86d1065dda4c7080923efa9ad1,java,ok,1,java-maven,"",false,,,,,,,,,"",0,
103432484,103432485,10,18112b1958d76518fefd2a8d1bd7ae7ca444ea5b,java,unknown,1,java-maven,"",false,,,,,,,,,"",0,
116888276,116888277,110,83eb11d0fed06a7fda8957bc7af985dd2680375d,java,ok,1,java-maven,"",false,,,,,,,,,"",0,
116915405,116915406,111,32c972ec467d500d434db1aebcfcd6825c17a15d,java,ok,4,java-maven,"",false,,,,,,,,,"",0,
116945233,116945234,112,38edba74ddbc637600edb264f2ac91f5a6334dad,java,ok,1,java-maven,"",false,,,,,,,,,"",0,
116946321,116946322,113,01b63e8e088ce4937778c7597145e413e5f8fcdc,java,ok,1,java-maven,"",false,,,,,,,,,"",0,
116947359,116947360,114,c49c49341caf9e55e113ec10e505341cb8a8b81f,java,ok,1,java-maven,"",false,,,,,,,,,"",0,
117448553,117448554,115,d7d18f071dd51fb50986ab9fba7fd06ab0803184,java,ok,1,java-maven,"",false,,,,,,,,,"",0,
117945876,117945877,116,858cac9ccd6496ccb107845cb9552d4e404d3103,java,ok,2,java-maven,"",false,,,,,,,,,"",0,
117947305,117947307,117,4dd9e5b98cc7a943ccfbcda53ac10de609728010,java,ok,1,java-maven,"",false,,,,,,,,,"",0,
117947315,117947316,118,4dd9e5b98cc7a943ccfbcda53ac10de609728010,java,ok,1,java-ant,"",false,,,,,,,,,"",,
117947319,117947320,119,9e04813a244283c1e5794ae8314ac62712339ead,java,ok,1,java-maven,"",false,,,,,,,,,"",0,
103438639,103438640,11,c48775580b4960bf592a327bbf9854ac621e726f,java,ok,1,java-maven,"",false,,,,,,,,,"",0,
117961716,117961717,120,a2f82a0f8dd2146e9c0f3bb89d3efbb9831b333e,java,ok,1,java-maven,"",false,,,,,,,,,"",0,
117974651,117974652,121,4e931f78e493237c14fbe507135fa21008493943,java,ok,1,java-maven,"",false,,,,,,,,,"",0,
118222973,118222974,122,febf3056585d9e4f2ff81017e0a3a37830a2e04a,java,ok,1,java-maven,"",false,,,,,,,,,"",0,
118365255,118365256,123,965b67858e0835c374afd7d4c44186c27c363849,java,ok,1,java-maven,"",false,,,,,,,,,"",0,
118366700,118366701,124,3ba19b81958d99c425255792cbedbb357bf6ddf4,java,ok,1,java-maven,"",false,,,,,,,,,"",0,
118366708,118366709,125,3ba19b81958d99c425255792cbedbb357bf6ddf4,java,ok,1,java-ant,"",false,,,,,,,,,"",,
118366719,118366720,126,77041bd65970838262e60d159f21d561e86623ea,java,ok,1,java-maven,"",false,,,,,,,,,"",0,
118368149,118368150,127,58744b8958c2b71d1b188cced488c8f95c0a36e6,java,ok,1,java-maven,"",false,,,,,,,,,"",0,
118369096,118369097,128,f3f6911ded7c8bcd224e7cd00326441f366391f3,java,ok,1,java-maven,"",false,,,,,,,,,"",0,
118369608,118369609,129,182ad2aa638ea31abb98ca5a4227deb114f051cf,java,ok,1,java-maven,"",false,,,,,,,,,"",0,
103446645,103446646,12,87fde248363e9552a8a917be60d376d16a6741c9,ruby,broken,2,ruby,"",false,,,0,,,,,,"",,
118369620,118369621,130,182ad2aa638ea31abb98ca5a4227deb114f051cf,java,ok,1,java-ant,"",false,,,,,,,,,"",,
118369630,118369631,131,93f8ad551649d48b77f69734ca51c068f27e010e,java,ok,1,java-maven,"",false,,,,,,,,,"",0,
119329161,119329162,132,51d5adf2f7c837916fc79bd3541752d7acba3b0b,ruby,broken,2,ruby,"",false,,,0,,,,,,"",,
119404820,119404821,133,d2f681e1e89b5d550743b0d7a6457b148ca97ed7,ruby,broken,2,ruby,"",false,,,0,,,,,,"",,
119443780,119443781,134,97e7ce9ae5c5e7885f6068e4d03ebc02bb065d18,java,ok,1,java-maven,"",false,,,,,,,,,"",0,
119459541,119459542,135,1772123705a2fe0f5a993196e88c6a677c805c7c,java,ok,1,java-maven,"",false,,,,,,,,,"",0,
119460683,119460684,136,02db258343b7c20a8f69597b1c0f7d20f6db4231,java,ok,1,java-maven,"",false,,,,,,,,,"",0,
119461610,119461611,137,de3a5135434a549b42b2fc166641e4cd71157849,java,ok,1,java-maven,"",false,,,,,,,,,"",0,
119461616,119461617,138,de3a5135434a549b42b2fc166641e4cd71157849,java,ok,1,java-ant,"",false,,,,,,,,,"",,
119461623,119461624,139,b97ea44c47eb46d7d28230523206aa92b24e55b3,java,ok,1,java-maven,"",false,,,,,,,,,"",0,
103600681,103600682,13,07553b92611f688ba360bc3fcaa7bf4760775df0,java,unknown,0,java-ant,"",false,,,,,,,,,"",,
119467837,119467838,140,cfe5f403e3356d19c2e0fdd5e45878669c38bd42,ruby,broken,1,ruby,"",false,,,0,,,,,,"",,
119565652,119565659,141,161f72b1ffe7538cee11c061ac1be1838828bf00,ruby,broken,1,ruby,"",false,,,0,,,,,,"",,
119565667,119565674,142,161f72b1ffe7538cee11c061ac1be1838828bf00,ruby,broken,2,ruby,"",false,,,0,,,,,,"",,
119565694,119565700,143,b3053c47bd0cb4bf30e9261a5ba36ecd545a039c,ruby,broken,1,ruby,"",false,,,0,,,,,,"",,
119679272,119679273,144,7e5c01bb9cb232b92418338bc71b04a57793879c,java,ok,0,java-ant,"",false,,,,,,,,,"",,
119710644,119710645,145,95ff7f1e50134a228a1a4ca5effba0d4284223e4,java,ok,1,java-maven,"",false,,,,,,,,,"",0,
119710778,119710779,146,fc4d81c87675d23da8823ddfb75b20492b862731,java,ok,1,java-maven,"",false,,,,,,,,,"",0,
119716285,119716286,147,0646c80867fd9317fa026f21993be9fe5b221ce7,java,ok,1,java-maven,"",false,,,,,,,,,"",0,
119716450,119716451,148,a3a639b88331bf2a840e825fc4231d648c58b176,java,ok,1,java-maven,"",false,,,,,,,,,"",0,
119742993,119742994,149,589ec41fa9ba07203b94630d2c99abf66f56bfb2,java,ok,1,java-maven,"",false,,,,,,,,,"",0,
103600801,103600802,14,07553b92611f688ba360bc3fcaa7bf4760775df0,java,unknown,1,java-ant,"",false,,,,,,,,,"",,
119742995,119742996,150,589ec41fa9ba07203b94630d2c99abf66f56bfb2,java,ok,1,java-ant,"",false,,,,,,,,,"",,
119743003,119743004,151,528f103fcf2062dad1717463cbb5f34a3210f452,java,ok,1,java-maven,"",false,,,,,,,,,"",0,
119828199,119828201,152,b8b71699d5ac6dfecd9dafcb4e5a8694497d5a5e,ruby,broken,2,ruby,"",false,,,0,,,,,,"",,
119829319,119829327,153,4855d7a07aa66bf683f6b89f64edae14539072ba,ruby,broken,1,ruby,"",false,,,0,,,,,,"",,
119831360,119831361,154,4ee6000246f1b406588f3ba171f9dfe6d91e2dce,ruby,broken,2,ruby,"",false,,,0,,,,,,"",,
119831413,119831428,155,4ee6000246f1b406588f3ba171f9dfe6d91e2dce,ruby,broken,2,ruby,"",false,,,0,,,,,,"",,
119831454,119831456,156,50fbdbd6712a7ecc0d8f176fe1279489ed47b94f,ruby,broken,2,ruby,"",false,,,0,,,,,,"",,
120172183,120172184,157,01df3bcfc1adcfcf3939f3991154fd508558fa01,java,ok,1,java-maven,"",false,,,,,,,,,"",0,
120271912,120271913,158,512ed090aceb8db9be63b9da2af9a843f67ccdb7,ruby,broken,2,ruby,"",false,,,0,,,,,,"",,
120325731,120325733,159,18584816446336cecc4804adb8fb68e895876638,java,ok,1,java-maven,"",false,,,,,,,,,"",0,
103831807,103831808,15,2bccd7cab0c6ce0684b5e27f50eb36a244e222a3,java,ok,1,java-maven,"",false,,,,,,,,,"",0,
120331297,120331298,160,e32431dfe894a1fc77ed9f28a6bc7013370a7a51,ruby,broken,1,ruby,"",false,,,0,,,,,,"",,
120339269,120339270,161,5769bf8179efbf41aadbde5d021cb4c6cb7f40ad,ruby,broken,1,ruby,"",false,,,0,,,,,,"",,
120339477,120339478,162,5b51e2e7d3f08fc621fdfd6d12fc97a7343ede38,ruby,broken,1,ruby,"",false,,,0,,,,,,"",,
120340400,120340401,163,becc8b77c9846e1fc638277f173019e8098b0052,java,ok,1,java-maven,"",false,,,,,,,,,"",0,
120396370,120396371,164,50aeda05e48b4d9043f663c1d7ee96b8d30a6a96,ruby,broken,1,ruby,"",false,,,0,,,,,,"",,
120397437,120397441,165,5e8ccd6bb78e1283ae0869ccdac8a5fe1c808332,ruby,broken,1,ruby,"",false,,,0,,,,,,"",,
120397448,120397449,166,5e8ccd6bb78e1283ae0869ccdac8a5fe1c808332,ruby,broken,1,ruby,"",false,,,0,,,,,,"",,
120397452,120397453,167,f720f33bd5ef091606776be7ff8312f2d3248d04,ruby,broken,1,ruby,"",false,,,0,,,,,,"",,
120623771,120623772,168,f3730f1102860eca4ebf4d81b54c37d9162ba1b4,java,ok,1,java-maven,"",false,,,,,,,,,"",0,
120632931,120632932,169,b0a6e6163e1d1cffbb7d98f775da40298acebb57,java,ok,1,java-maven,"",false,,,,,,,,,"",0,
103860267,103860268,16,accf1f379e60a888c352d9622c0d979251e253f4,java,ok,1,java-maven,"",false,,,,,,,,,"",0,
120633469,120633470,170,f7c17c21c72d5e52451188a0042f4b0ee323efe3,java,ok,1,java-maven,"",false,,,,,,,,,"",0,
120657335,120657336,171,59e9c86fcf9df1f726b33cf5317196160a22a35b,java,ok,1,java-maven,"",false,,,,,,,,,"",0,
120657345,120657346,172,59e9c86fcf9df1f726b33cf5317196160a22a35b,java,ok,1,java-ant,"",false,,,,,,,,,"",,
120657363,120657364,173,b014d9f9d7090d011303a968e19bdf6bd2177893,java,ok,1,java-maven,"",false,,,,,,,,,"",0,
120701061,120701062,174,5f256e926295a9209cdf5553ba8bf1bec7f58753,java,ok,1,java-maven,"",false,,,,,,,,,"",0,
120823820,120823821,175,6ea630f65f6ed39031339895aaaa7bc09995659f,java,ok,2,java-maven,"",false,,,,,,,,,"",0,
120889240,120889241,176,fc63d8177f1fa52f397da9abe5044d912d7f0d7e,java,ok,1,java-maven,"",false,,,,,,,,,"",0,
121079484,121079485,177,10a538c34464b5c28083cc4e221e0598ee4505e0,java,ok,1,java-maven,"",false,,,,,,,,,"",0,
121100315,121100316,178,ed92e2a1932d8709b28d892606e57f7fe60bf820,java,ok,1,java-maven,"",false,,,,,,,,,"",0,
121101258,121101259,179,9aefd2df5c0a290b6aec91dee4fc2ba0c15eacbb,java,ok,1,java-maven,"",false,,,,,,,,,"",0,
104680872,104680873,17,335c52ac7abeca38e8849b3758eefc483eebe39c,java,ok,2,java-maven,"",false,,,,,,,,,"",0,
121101282,121101283,180,9aefd2df5c0a290b6aec91dee4fc2ba0c15eacbb,java,ok,1,java-ant,"",false,,,,,,,,,"",,
121101291,121101292,181,2165f80d5ceadc024ac6dfc6be7b073f4655bf38,java,ok,1,java-maven,"",false,,,,,,,,,"",0,
121206775,121206780,182,66e172e5b2180ea2ed9f228d7360c39ad85fc906,ruby,broken,2,ruby,"",false,,,0,,,,,,"",,
121229196,121229197,183,9103c2c994700d143aa16dcefc4bc61e2c92a726,ruby,broken,2,ruby,"",false,,,0,,,,,,"",,
121235066,121235067,184,94c279cf1b3d241884c8dfd237e61ef1754c0a39,ruby,broken,2,ruby,"",false,,,0,,,,,,"",,
121284556,121284557,185,262648fdebc1e997b9f59acae5919f114aff4d27,java,ok,0,java-ant,"",false,,,,,,,,,"",,
121287096,121287098,186,44db8078263d6f9d2078d88cbe9aab64ae799725,java,unknown,0,java-maven,"",false,,,,,,,,,"",0,
121287619,121287620,187,f98d1531ef9a3066843a2da354fe196d39d833fa,java,ok,0,java-ant,"",false,,,,,,,,,"",,
121330514,121330515,188,178ec0d668884be648f0a192666e1efcb228f857,ruby,broken,1,ruby,"",false,,,0,,,,,,"",,
121376228,121376229,189,3f0cefeedd9f745f0a0fe52a20d086e2331b9e92,java,ok,1,java-maven,"",false,,,,,,,,,"",0,
104687286,104687287,18,5e8ba1215cde49781c7207ec27da21d9f57313a0,java,ok,1,java-maven,"",false,,,,,,,,,"",0,
121377894,121377895,190,2165f80d5ceadc024ac6dfc6be7b073f4655bf38,java,ok,1,java-maven,"",false,,,,,,,,,"",0,
121378472,121378473,191,d8c93b2d50a6e5bfc0dd24074046d7956c84d1dd,java,ok,1,java-maven,"",false,,,,,,,,,"",0,
121379578,121379579,192,9bfe957eca8c3c18cc2732cf78dc9e53ae845ac8,java,ok,2,java-maven,"",false,,,,,,,,,"",0,
121386342,121386343,193,600d52b9f4dbb1cc6a12c915f37d7564b6f53a92,java,ok,0,java-ant,"",false,,,,,,,,,"",,
121388307,121388308,194,7599ba2897c7aebb245447a4fdb9ee810dde0354,java,ok,0,java-ant,"",false,,,,,,,,,"",,
121390157,121390158,195,01aa036242e97662651134a91314b3c5a9340165,java,ok,1,java-maven,"",false,,,,,,,,,"",0,
121454627,121454628,196,e6bb504cc92091a81882a8edaff74019b572c01d,java,ok,1,java-maven,"",false,,,,,,,,,"",0,
121454633,121454634,197,e6bb504cc92091a81882a8edaff74019b572c01d,java,ok,1,java-ant,"",false,,,,,,,,,"",,
121454639,121454640,198,45e074c3f918e9d42ea7ff9ba4a49a7a0db16889,java,ok,1,java-maven,"",false,,,,,,,,,"",0,
122876151,122876152,199,d24ca38a1e98c5949c5d8e3a05f554e4dc93659f,java,ok,1,java-maven,"",false,,,,,,,,,"",0,
105452714,105452716,19,37fadf09ac394f38805b4e68f6ddc6a8b253a6f3,ruby,broken,1,ruby,"",false,,,0,,,,,,"",,
102845737,102845738,1,38c861848b5ed2b48869161eadb93a4fad7ddcd9,java,unknown,1,java-ant,"",false,,,,,,,,,"",,
122878635,122878636,200,4c6debd1443089514f7407d067fecd18f5007d46,java,ok,1,java-maven,"",false,,,,,,,,,"",0,
122879020,122879021,201,a4d7e2e2f9a4ecf6920db40870812415019c9c5a,java,ok,1,java-maven,"",false,,,,,,,,,"",0,
122879234,122879235,202,cf6e7ba650ed381717dbf474558c117702e6cc3d,java,ok,1,java-maven,"",false,,,,,,,,,"",0,
122880702,122880703,203,b60e5a0d7d989e4a24c13e03ba786c375b727448,java,ok,1,java-maven,"",false,,,,,,,,,"",0,
122880708,122880709,204,b60e5a0d7d989e4a24c13e03ba786c375b727448,java,ok,1,java-ant,"",false,,,,,,,,,"",,
122880725,122880726,205,79ddf22aebefb74385cdd9b3c94f770489a6bbc6,java,ok,1,java-maven,"",false,,,,,,,,,"",0,
123851717,123851718,206,96c4d158b05269b21d727a72f96b34eca222c472,java,ok,1,java-maven,"",false,,,,,,,,,"",0,
123866041,123866042,207,214522c63f0db36ce632bf53b5d3fa304c6a2421,java,ok,1,java-maven,"",false,,,,,,,,,"",0,
124302733,124302734,208,f27bdc80fe3e6f5b4d2c45b624d45af4701f565e,java,ok,1,java-maven,"",false,,,,,,,,,"",0,
124302753,124302754,209,f27bdc80fe3e6f5b4d2c45b624d45af4701f565e,java,ok,1,java-ant,"",false,,,,,,,,,"",,
105641945,105641946,20,cee7964fdbd1878f08c82dd0c12196b9297e21de,ruby,broken,1,ruby,"",false,,,0,,,,,,"",,
124302759,124302760,210,1e0ac60309cf0048afb01015828b807bd82e4fbb,java,ok,1,java-maven,"",false,,,,,,,,,"",0,
124333626,124333627,211,032ffca44117fa763031be59b2a2cefb09461a8e,java,ok,0,java-ant,"",false,,,,,,,,,"",,
124397505,124397506,212,fc653a94aa593ffb5209ccd5ad586536aec43e55,java,ok,1,java-maven,"",false,,,,,,,,,"",0,
124397723,124397724,213,baf17bb9c0d4fea507048a67e1b55bd1cf0f1fdb,java,ok,1,java-maven,"",false,,,,,,,,,"",0,
124788446,124788447,214,7c67c3a217b758fa91d1fb9f8273cb749d122226,java,ok,1,java-maven,"",false,,,,,,,,,"",0,
124788984,124788985,215,acaa4b2b2a490f4df0f6639543d605f5e16e0323,java,ok,1,java-maven,"",false,,,,,,,,,"",0,
124788996,124788997,216,acaa4b2b2a490f4df0f6639543d605f5e16e0323,java,ok,1,java-ant,"",false,,,,,,,,,"",,
124789007,124789008,217,ef7e9b1df794a62f42b20f8f7374dd5762f3d50b,java,ok,1,java-maven,"",false,,,,,,,,,"",0,
124790349,124790350,218,7c67c3a217b758fa91d1fb9f8273cb749d122226,java,ok,1,java-maven,"",false,,,,,,,,,"",0,
124791193,124791194,219,6d4ab5a38042481c8c39ce8ffd78f99fda2f567d,java,ok,1,java-maven,"",false,,,,,,,,,"",0,
105641947,105641948,21,cee7964fdbd1878f08c82dd0c12196b9297e21de,ruby,broken,1,ruby,"",false,,,0,,,,,,"",,
124791217,124791218,220,6d4ab5a38042481c8c39ce8ffd78f99fda2f567d,java,ok,1,java-ant,"",false,,,,,,,,,"",,
124791226,124791227,221,6a3c91c3f55a42e548364197644dbb704394c991,java,ok,1,java-maven,"",false,,,,,,,,,"",0,
126029974,126029975,222,ea338f047f3d1b8dae830b0e6ef43cce78bed929,java,ok,0,java-ant,"",false,,,,,,,,,"",,
126032822,126032823,223,19fb6c7c08b7b50379afa7670fb0fc6cb4d00730,java,ok,1,java-maven,"",false,,,,,,,,,"",0,
127093935,127093936,224,9d4599d31b7f99e0fd44dd2468883d7b1fac0121,java,ok,1,java-maven,"",false,,,,,,,,,"",0,
127407298,127407299,225,3a7f69cf9db0347c861cf6355f9237d14abc246a,java,ok,0,java-ant,"",false,,,,,,,,,"",,
127445845,127445846,226,a57bf4702517847802e8fb253b5929371b4294b5,java,ok,1,java-maven,"",false,,,,,,,,,"",0,
127446231,127446232,227,faa6fcaa0529adb5d147c8c19ff827348a4b4df2,java,ok,1,java-maven,"",false,,,,,,,,,"",0,
127997445,127997446,228,d01eeca4e2338a03f61c269a372f18eced1ba6b6,ruby,broken,1,ruby,"",false,,,0,,,,,,"",,
129048665,129048666,229,89ff65b3d26ba683fd7e8f2218d4c817ff5ca6f9,ruby,broken,1,ruby,"",false,,,0,,,,,,"",,
105641949,105641950,22,25015347599b9c8514ab8a42c56b46a315c12297,ruby,broken,1,ruby,"",false,,,0,,,,,,"",,
129569419,129569420,230,67f1cd669630cd4a9adca34704866b1f15a15033,java,ok,1,java-maven,"",false,,,,,,,,,"",0,
130368890,130368891,231,a48f6961cd4807a1978705825a8aa109049139e2,java,ok,0,java-ant,"",false,,,,,,,,,"",,
130369358,130369359,232,ebd014f8ed6415c6587faa81f4176b92d952c45b,java,ok,1,java-maven,"",false,,,,,,,,,"",0,
130723921,130723922,233,ecf543f1051e9b5ae302d2dd01e44079fbac2f3c,java,ok,0,java-ant,"",false,,,,,,,,,"",,
130826902,130826903,234,fe106c0b7da9ec4a9b2b725fc56d67dce8b1f1d3,java,ok,0,java-ant,"",false,,,,,,,,,"",,
130852557,130852560,235,5c522d08b0b2ee3d60582ac474efab00b8c4d483,java,ok,0,java-ant,"",false,,,,,,,,,"",,
130858585,130858586,236,ffb1820887c4a9c0a107aacf5d88ab4acca5696f,java,ok,1,java-maven,"",false,,,,,,,,,"",0,
131220351,131220352,237,1c7ab7a0551814f85587924ebfc3c97d256de39c,ruby,broken,2,ruby,"",false,,,0,,,,,,"",,
131232637,131232638,238,067bba04861f5c5461da61e491594d95ed378e9e,ruby,broken,2,ruby,"",false,,,0,,,,,,"",,
131234998,131235008,239,d7b00d3a5b0fde2169860a36886627150382eac9,ruby,broken,3,ruby,"",false,,,0,,,,,,"",,
105642896,105642897,23,4a1144f31ef75b9a6cab3bdbfabee9b0c00c39cc,java,ok,1,java-maven,"",false,,,,,,,,,"",0,
131240011,131240012,240,e975f19878288120ea9d1c5dc1264a2c9739dd09,ruby,broken,2,ruby,"",false,,,0,,,,,,"",,
131241889,131241890,241,fbbb2bfd9d33fc447133e7c46f109197ced40977,ruby,broken,1,ruby,"",false,,,0,,,,,,"",,
131284882,131284883,242,48111becfa6b2cd19cbc2ead9f72ae976e340bd0,java,ok,1,java-maven,"",false,,,,,,,,,"",0,
131288017,131288018,243,57c549e986ced1590cc9d66904e8f0a7bf34b9e2,java,ok,1,java-maven,"",false,,,,,,,,,"",0,
131291656,131291657,244,f4f6129ce90b8dcb67c637fd4b60a67d5cdeeab7,java,ok,1,java-maven,"",false,,,,,,,,,"",0,
131292910,131292911,245,34e48cfda05778a3b9e0d9acdbcf9c33283a13ea,java,ok,1,java-maven,"",false,,,,,,,,,"",0,
131292922,131292923,246,34e48cfda05778a3b9e0d9acdbcf9c33283a13ea,java,ok,1,java-ant,"",false,,,,,,,,,"",,
131292924,131292925,247,07d1da26113b87ccfc566f9b0da6f9be7b37684b,java,ok,1,java-maven,"",false,,,,,,,,,"",0,
131293629,131293630,248,d316aada2774c698f6b0ce3fb1fbb9d537f5a9f9,java,ok,1,java-maven,"",false,,,,,,,,,"",0,
131293853,131293854,249,0ccc287e0e9e195a426394ba56ccc3c2a6b2bdfc,java,ok,1,java-maven,"",false,,,,,,,,,"",0,
105688695,105688696,24,10411a3a793354dd9ee1c94507871c6dc26a9411,java,ok,1,java-maven,"",false,,,,,,,,,"",0,
131294070,131294071,250,b785c4e24d8c0983f8dd4d4e6c9c246b3c07d12c,java,ok,1,java-maven,"",false,,,,,,,,,"",0,
131294072,131294073,251,b785c4e24d8c0983f8dd4d4e6c9c246b3c07d12c,java,ok,1,java-ant,"",false,,,,,,,,,"",,
131294106,131294108,252,c3e9d738ced34fd6747c381e65c1d58279d993e2,java,ok,1,java-maven,"",false,,,,,,,,,"",0,
132244619,132244620,253,5a8bb5a3c597acafd8627a132051996be82ab498,java,ok,1,java-maven,"",false,,,,,,,,,"",0,
132269662,132269663,254,1e9dd38865117630962a9375167c3651d001a427,java,ok,1,java-maven,"",false,,,,,,,,,"",0,
132297011,132297012,255,f82577da7fd7342ec1da938f67ee32126063d98e,ruby,broken,2,ruby,"",false,,,0,,,,,,"",,
132299005,132299006,256,282298df6f7cc96c394e7e79b130892b358a10f0,ruby,broken,1,ruby,"",false,,,0,,,,,,"",,
132384492,132384493,257,b42c256ff0b3e3564a76d56aada4f9f49ee86330,java,ok,1,java-maven,"",false,,,,,,,,,"",0,
132387848,132387849,258,701d891e48dca8a075d569ae986915c831f61e02,ruby,broken,1,ruby,"",false,,,0,,,,,,"",,
132542226,132542227,259,475093d0c8ea87715466bd2c774d09e7f1dfbd58,java,ok,0,java-ant,"",false,,,,,,,,,"",,
105693737,105693738,25,96ad5efc851d52c0eb8bbd2ac9c4c590f23d724c,java,ok,1,java-maven,"",false,,,,,,,,,"",0,
132567467,132567468,260,0d679de9d2dbc946a4e182b7b910ab07d85999b4,java,ok,1,java-maven,"",false,,,,,,,,,"",0,
132799305,132799306,261,4835cf4262852d24099b0037b5cac5a47fdf648e,java,ok,2,java-maven,"",false,,,,,,,,,"",0,
132801172,132801174,262,3fe79fb9c02d6f9bdc926f3093c7d42b885b1bdc,java,unknown,1,java-ant,"",false,,,,,,,,,"",,
132801186,132801187,263,3fe79fb9c02d6f9bdc926f3093c7d42b885b1bdc,java,ok,1,java-ant,"",false,,,,,,,,,"",,
132801193,132801194,264,62abd83cd96a18acb5c8c885e13ceb12cfb6aaa8,java,unknown,1,java-ant,"",false,,,,,,,,,"",,
132864878,132864884,265,2e1775c2a7345cfe45f724c8b6acee8e231f934e,ruby,broken,3,ruby,"",false,,,0,,,,,,"",,
133404162,133404163,266,7ba9d03333e13dacce385733799088eae7d8cd1d,java,ok,1,java-ant,"",false,,,,,,,,,"",,
133405033,133405034,267,cf901760cc8aaa00bf200b0fd95a4177aa2c5d45,java,ok,1,java-ant,"",false,,,,,,,,,"",,
133923982,133923983,268,959d5f3ad9f43c94f430f8feee76bc2fffe53cef,java,ok,1,java-maven,"",false,,,,,,,,,"",0,
134592395,134592397,269,8febb04148e0690aa8b62e707c4aceca24daa756,java,ok,1,java-ant,"",false,,,,,,,,,"",,
105695234,105695235,26,35d5d9c1100905f81ee15657c96c1b2d6eb3d7b0,java,ok,1,java-maven,"",false,,,,,,,,,"",0,
134745855,134745856,270,2addbc04cb94c59c67b94101cb305e2fe72979b7,java,ok,1,java-maven,"",false,,,,,,,,,"",0,
134777020,134777021,271,cf17d8ff4d7ea79b9e15450d2b2d2c8b43e0f43c,java,ok,0,java-ant,"",false,,,,,,,,,"",,
134802317,134802318,272,b3884ed07be069b7f72ad741c3e50340c15b91c7,java,broken,1,java-ant,"",false,,,,,,,,,"",,
134805481,134805482,273,0a5df01431ecedb63c7989b159f88f1cddb3250f,java,ok,1,java-maven,"",false,,,,,,,,,"",0,
134807126,134807127,274,dff982b981bb2cc935bd25828514ab89a7834de6,java,broken,1,java-maven,junit,true,false,0,0,0,0,,,,"",4.37,220
134809558,134809559,275,199372df13a71e7d98c1832ebb59b0e43d3f3cb1,java,broken,1,java-maven,junit,true,false,0,0,0,0,,,,"",3.63,214
134817616,134817617,276,62847d44108d92a92a2389f992cf5e71c1076235,java,unknown,2,java-maven,junit,true,false,12,0,12,0,,,,"",4.04,
134817811,134817812,277,2382f351df04f156a65bcb4e3a9b30cffe461b18,java,unknown,1,java-maven,junit,true,false,12,0,12,0,,,,"",3.72,
134818895,134818896,278,e06fd50cb3556095f0aaf556c519f2c45e07da25,java,unknown,1,java-maven,junit,true,false,12,0,12,0,,,,"",4.13,
134940335,134940336,279,464e20480e8c188d6dcae7dbce2b9c5098d3584f,java,unknown,1,java-maven,junit,true,false,12,0,12,0,,,,"",4.3,
105707631,105707632,27,672f70b25e2228c8d735fc63b48b37e5ba2c616e,java,ok,1,java-maven,"",false,,,,,,,,,"",0,
134944181,134944183,280,2dcc49c72134ba9dc56f9d7d3cacb275756772ac,java,unknown,1,java-maven,junit,true,false,12,0,12,0,,,,"",3.2800000000000002,
134951752,134951753,281,9301110574e0acb3227ecc4437c6fc2e96c6b1b8,java,unknown,1,java-maven,junit,true,false,12,0,12,0,,,,"",4.5,
134956212,134956213,282,c868d232590880f46571d798d40286c819d25962,java,unknown,1,java-maven,junit,true,false,12,0,12,0,,,,"",4.09,
134957221,134957222,283,adb022176602b65b77b30a5a271f0c171ded99ee,java,unknown,1,java-maven,junit,true,false,12,0,12,0,,,,"",6.130000000000001,
134979417,134979418,284,e15803939d9c264869a6ea834d5b05cdeaee6f2e,java,unknown,3,java-maven,junit,true,false,12,0,12,0,,,,"",4.4,
134983110,134983111,285,9046bc8d06c4295a046d0b7a95923025838ad317,java,cancelled,1,java-maven,junit,true,false,12,0,12,0,,,,"",3.24,
134984637,134984638,286,512d565e1653b3e1fe41838d991e984678d4b95a,java,cancelled,1,java-maven,junit,true,false,12,0,12,0,,,,"",4.2,
134985864,134985865,287,30174d8458b9559dd4946578345cc7dd2dfe4607,java,ok,1,java-maven,"",false,,,,,,,,,"",0,184
134987736,134987737,288,8c054a3ae9142933aee1bf70fb2045f9daeab0b3,java,unknown,1,java-maven,"",false,,,,,,,,,"",0,
134997614,134997615,289,4be2041333b2479bc8e6cb3631ffba308ae69057,java,unknown,1,java-maven,"",false,,,,,,,,,"",0,31.79
106681353,106681355,28,6b069f06f2da2944cca3f22fe955c8d42138ec0e,java,ok,3,java-maven,"",false,,,,,,,,,"",0,
135002248,135002249,290,d6d2c7745fca2abb0d6b21129011ac507e10c977,java,unknown,1,java-ant,"",false,,,,,,,,,"",,
135002934,135002935,291,ef581f2ae9036a8bf3111315745b709433e506b0,java,cancelled,1,java-maven,"",false,,,,,,,,,"",0,
135004316,135004317,292,6858da99bf09fedaeda960ebb299910f1eb39c46,java,unknown,1,java-maven,"",false,,,,,,,,,"",0,
135005127,135005130,293,22e1111d667d51f5dd8816c1ca2f7d389a53d8bc,java,ok,1,java-maven,"",false,,,,,,,,,"",0,184
135007012,135007013,294,06b5d022d9b554b7e2f67998b8f6195b31f140f9,java,cancelled,1,java-maven,"",false,,,,,,,,,"",0,
135008731,135008732,295,63dd766cff6944b3ad893ae9f3dfa64934296f76,java,unknown,2,java-maven,"",false,,,,,,,,,"",0,
135010903,135010904,296,ec967f415af45739d1e6904fd2adc84c2368ad89,java,unknown,1,java-maven,"",false,,,,,,,,,"",0,
135012734,135012735,297,c70e9398b86077ca98d399087b1eb73000a98f36,java,broken,1,java-maven,"",false,,,,,,,,,"",0,169
135017817,135017818,298,6139ed72ac308e709db84a9c67bdcbcdf33757f0,java,ok,3,java-maven,junit,true,false,16,0,16,0,,,,"",159.04,179
135046104,135046105,299,9f817eb7cfe2338d98ea9a33c1dc091198cbb2f5,java,ok,1,java-maven,junit,true,false,16,0,16,0,,,,"",153.06,170
106681706,106681707,29,b783b8c0d1e0c6f01037e4b3b1155fe13d2421e8,java,ok,1,java-maven,"",false,,,,,,,,,"",0,
102847784,102847786,2,51053aa72e81e20a8fddf9ffb5074b0b0f3693ae,java,ok,1,java-maven,"",false,,,,,,,,,"",0,
135081733,135081734,300,01446b353bb0700d75e43a5a5652d56f8bc7b327,java,ok,1,java-maven,junit,true,false,16,0,16,0,,,,"",157.85,181
135097839,135097840,301,335598c3758f087e96e8c99588348a54fdae2251,java,ok,1,java-maven,junit,true,false,16,0,16,0,,,,"",150.63000000000002,168
135112714,135112715,302,bc220d43fd160735a275d0cd23c7cda3dbbceb50,java,broken,1,java-maven,junit,true,true,394,1,395,0,,,,NettyReactiveStreamsTest>ReactiveStreamsTest#,142.86999999999998,162
135116552,135116553,303,9688a7a112771be2a02e40f2ca13fb1c998f9d4c,java,broken,1,java-maven,junit,true,false,0,0,0,0,,,,"",4.05,155
135120317,135120318,304,e619b889d7cf639c5127e5223f0fb2dd3ac3b96d,java,ok,1,java-maven,junit,true,false,16,0,16,0,,,,"",158.15,173
135139163,135139164,305,c16f5cf1c25404b9b81e26d1a11e374cd83a02bb,java,ok,1,java-maven,junit,true,false,16,0,16,0,,,,"",153.80000000000004,170
135150210,135150211,306,6b3cc15402ae4dd8db3c938b02d148a7b3629df9,java,ok,1,java-maven,junit,true,false,16,0,16,0,,,,"",440.53999999999996,460
135537582,135537583,307,03ac5e18006b6c48984a7ca1d4b159b6b20cc44a,java,ok,1,java-maven,junit,true,false,16,0,16,0,,,,"",154.82999999999998,175
135537619,135537620,308,33b2c28bc6a465ab5903dbf79f2039640d3714e1,java,broken,1,java-maven,junit,true,true,392,1,393,0,,,,"BasicHttpsTest#<head>#<meta http-equiv=""Content-Type"" content=""text/html;charset=ISO-8859-1""/>#<title>Error 500 </title>#</head>#<body>#<h2>HTTP ERROR#<p>Problem accessing /foo/bar#<pre>    No handler enqueued</pre></p>#<hr /><a href=""http#</body>#</html>#]#",137.76000000000002,152
135537917,135537919,309,67f052db1242fa369799c5164f32f2246a9055e5,java,broken,1,java-maven,junit,true,true,392,1,393,0,,,,ListenableFutureTest#,144.2,162
106681716,106681717,30,efc6e9959b0d1f9c257d42096c0cc07b7e489da7,java,ok,1,java-maven,"",false,,,,,,,,,"",0,
135540109,135540110,310,e0cdfc3b9996ee83759ee7fbfab447c3d74a4fba,java,ok,1,java-maven,junit,true,false,16,0,16,0,,,,"",162.62999999999997,184
135541551,135541552,311,5bdac7587dc4d56fb8f17e87aa83ac3cca865785,java,ok,1,java-maven,junit,true,false,16,0,16,0,,,,"",152.25,168
135554875,135554876,312,e0527fed77faa4bd4e2a95e9780a51922ae4b2c7,java,broken,1,java-maven,junit,true,true,392,1,393,0,,,,"BasicHttpsTest#<head>#<meta http-equiv=""Content-Type"" content=""text/html;charset=ISO-8859-1""/>#<title>Error 500 </title>#</head>#<body>#<h2>HTTP ERROR#<p>Problem accessing /foo/bar#<pre>    No handler enqueued</pre></p>#<hr /><a href=""http#</body>#</html>#]#",140.29,155
135566762,135566763,313,a5553a09a88f7b950ed8530ba9b65b4932388a51,java,ok,3,java-maven,junit,true,false,16,0,16,0,,,,"",160.4,180
135572221,135572222,314,91f10061f739420a27957e1a5090292247eede2f,java,ok,3,java-maven,junit,true,false,16,0,16,0,,,,"",157.76,178
135578451,135578452,315,8e3df022df00bcc69f9b8c0216f7602d52996cf4,java,ok,1,java-maven,junit,true,false,16,0,16,0,,,,"",152.32000000000002,172
135581099,135581100,316,93feccfa3d13ad8e3df24a3b1aed39ff7b80aeb7,java,ok,1,java-maven,junit,true,false,16,0,16,0,,,,"",159.15,179
135602721,135602722,317,33b9f463aa78de834edab66c04dd710d2116182e,java,ok,1,java-maven,junit,true,false,16,0,16,0,,,,"",143.84000000000003,160
135656131,135656132,318,1158604a4b66eb7a8b1f9187c49126998ef29a07,java,ok,0,java-maven,junit,true,false,16,0,16,0,,,,"",148.99000000000004,165
135675703,135675704,319,d6d600a278520485587db3a9ad4dfc47090f5200,java,ok,1,java-maven,junit,true,false,16,0,16,0,,,,"",150.55,176
106979263,106979264,31,bdd760458d13eefe12a1e8c95dd099ae2697b580,java,ok,1,java-maven,"",false,,,,,,,,,"",0,
135720014,135720015,320,fad8456c333d368e89d5b06781be85d8ed2cc8cd,java,ok,0,java-maven,junit,true,false,16,0,16,0,,,,"",157.89000000000001,181
135781906,135781907,321,6627c53a67af3ad0c48dc3e7ef96d7d153899ff0,java,ok,1,java-maven,junit,true,false,16,0,16,0,,,,"",148.95000000000002,167
135814706,135814707,322,025cb3d5ba6db35787a0beeca9a289d38f77df41,java,ok,1,java-maven,junit,true,false,16,0,16,0,,,,"",156.47000000000003,177
135814710,135814711,323,025cb3d5ba6db35787a0beeca9a289d38f77df41,java,ok,1,java-maven,junit,true,false,16,0,16,0,,,,"",146.06,162
135814716,135814717,324,f09e5c86627836e74f89347f0a636ac4c2b8e32b,java,ok,1,java-maven,junit,true,false,16,0,16,0,,,,"",154.13,171
135981878,135981879,325,6f97b32965c1246036427059f514bda24ac6080a,java,ok,0,java-maven,junit,true,false,16,0,16,0,,,,"",148.86,167
136062764,136062765,326,23b21a325e57433b3111e9985db6ba85c9b7a924,java,ok,1,java-maven,junit,true,false,16,0,16,0,,,,"",149.04,163
136082744,136082745,327,27fe903c7b49fcda8ff6e6a172450d30c3661f8c,java,ok,1,java-maven,junit,true,false,16,0,16,0,,,,"",160.3,181
136148948,136148949,328,41899db3f0f8997149219e2695e7b3272c79123b,java,ok,5,java-maven,junit,true,false,16,0,16,0,,,,"",150.42,167
136149631,136149632,329,d02b9f246e1fa6414d3b155b3c35f1b13b0a9170,java,ok,5,java-maven,junit,true,false,16,0,16,0,,,,"",159.06,174
107177309,107177310,32,57f8540ca26700b8754762a620ff69df1a99698b,java,ok,1,java-maven,"",false,,,,,,,,,"",0,
136189762,136189763,330,943e0a807039223f717ca5498d139e6ed2379b39,java,ok,1,java-maven,junit,true,false,16,0,16,0,,,,"",155.84000000000003,172
136554391,136554392,331,ac1eeb8a14202a2db751917d57f293c6a7e7046f,java,broken,1,java-maven,junit,true,true,389,4,393,0,,,,NtlmTest#NtlmTest#NtlmTest#NTLMProxyTest#,143.25,159
136554590,136554591,332,f2773639f2de7e7600178931a493840aace6fc21,java,broken,1,java-maven,junit,true,true,389,4,393,0,,,,NtlmTest#NtlmTest#NtlmTest#NTLMProxyTest#,139.25,151
136559726,136559727,333,9adfab4ab2dad299365d886b7f84f8314f294bc6,java,broken,1,java-maven,junit,true,true,392,1,393,0,,,,NTLMProxyTest#,141.85999999999999,156
136563719,136563720,334,e532268f2a20964c38e736ef6f5dee92f9520768,java,ok,1,java-maven,junit,true,false,16,0,16,0,,,,"",155.70000000000002,172
136572107,136572108,335,08ce514fb8318148fd3f3e49e28c0bb307399610,java,ok,0,java-maven,junit,true,false,16,0,16,0,,,,"",150.68,165
137148711,137148712,336,6c73bb18d87c06a00fbb03326d8a2f456b1fca4d,java,ok,1,java-maven,junit,true,false,16,0,16,0,,,,"",154.10999999999999,169
137206189,137206190,337,e260b754f9cd0c7491b2551c83f556ecbfe6be4b,java,ok,1,java-maven,junit,true,false,16,0,16,0,,,,"",148.39999999999998,163
137246013,137246014,338,c6c1a40e1a7f0a1836b443063ffa2a43fcd46af0,java,ok,1,java-maven,junit,true,false,16,0,16,0,,,,"",153.40000000000003,171
137246934,137246935,339,b6033d76b02aef484d6e76d32afb0275bdb47fa7,java,ok,1,java-maven,junit,true,false,16,0,16,0,,,,"",153.71999999999997,168
107780537,107780538,33,b39b6bc531d008b83118b6b1927700874afadd5f,java,ok,1,java-maven,"",false,,,,,,,,,"",0,
137249503,137249504,340,82e1f6dbf54e53b3e25178a20b205ab35a6f2bb0,java,ok,1,java-maven,junit,true,false,16,0,16,0,,,,"",148.11,162
137464967,137464968,341,c1dc343df65b6d6ea5cabd42933a026a3f14ec5a,java,ok,2,java-maven,junit,true,false,16,0,16,0,,,,"",152.32,167
137792934,137792935,342,3a2d062e78ffc8db8c0ac268664885bdc613fc11,java,ok,1,java-maven,junit,true,false,16,0,16,0,,,,"",168.82999999999998,184
138074811,138074812,343,40f89d50d3d335c129a7c0717a6f3b4c15b30649,java,ok,1,java-maven,junit,true,false,16,0,16,0,,,,"",159.23999999999998,179
138077277,138077278,344,64d7791e4bb6adc0f83f8eda0ea2a777c43ffbb4,java,ok,2,java-maven,junit,true,false,16,0,16,0,,,,"",148.23,165
138077281,138077282,345,64d7791e4bb6adc0f83f8eda0ea2a777c43ffbb4,java,ok,2,java-maven,junit,true,false,16,0,16,0,,,,"",150.85000000000002,167
138077285,138077286,346,b552bc46514941ac86fd0893b77ef120de5996b8,java,ok,4,java-maven,junit,true,false,16,0,16,0,,,,"",158.18999999999997,176
138837202,138837203,347,fd31dfa822b6959fcc1845ea59ea3c5ccde94109,java,broken,2,java-maven,junit,true,true,23,1,24,0,,,,DnsResponseTest#,1.2,11.25
138838381,138838386,348,9612900df6515dbad3ba9167a1d8af1073db7bf3,java,broken,1,java-maven,junit,true,true,23,1,24,0,,,,DnsResponseTest#,1.49,11.89
138838944,138838945,349,91897d6326dc380b50171480e4a43ab6e46a9301,java,broken,1,java-maven,junit,true,true,383,1,384,0,,,,org#Run 1#Run 2#Run 3#Run 4#Run 5#Run 6#Run 7#Run 8#Run 9#Run 10#,179.27,197
107789884,107789885,34,d5268b4b0f6337812393d2ac60cb6dcf51d10b42,java,ok,1,java-maven,"",false,,,,,,,,,"",0,
138840189,138840190,350,73204394eabe0acbef264a2cf3e01b08db8bc4cd,java,broken,1,java-maven,junit,true,true,383,1,384,0,,,,org#Run 1#Run 2#Run 3#Run 4#Run 5#Run 6#Run 7#Run 8#Run 9#Run 10#,171.97,188
138841889,138841890,351,8f99713c9413b73c8e0fbf65dd37a2d84bf1c33c,java,ok,1,java-maven,junit,true,false,16,0,16,0,,,,"",159.39,178
138860311,138860312,352,b1eec43a6da261a61321bb6afa40191e2d7a232f,java,ok,5,java-maven,junit,true,false,16,0,16,0,,,,"",156.13000000000002,173
138867556,138867557,353,a07ac57fc5db7c9d216e3751cc70726ecf2ea053,java,ok,1,java-maven,junit,true,false,16,0,16,0,,,,"",170.31000000000003,191
138867647,138867648,354,0e9ec8909c1429d8979e6a0a0d8d3f3f7f397206,java,ok,1,java-maven,junit,true,false,16,0,16,0,,,,"",157.73999999999998,174
138869573,138869574,355,67e32a2e1efc3b40175248e3eae87c045b3d9d1f,java,ok,1,java-maven,junit,true,false,16,0,16,0,,,,"",155.78,170
138869585,138869586,356,67e32a2e1efc3b40175248e3eae87c045b3d9d1f,java,ok,1,java-maven,junit,true,false,16,0,16,0,,,,"",153.14,168
138869593,138869594,357,e0730035c87618677738f30cf9750205568b4145,java,ok,1,java-maven,junit,true,false,16,0,16,0,,,,"",150.94,169
139045739,139045740,358,faf8fc5797e7ea2b50d3941d6b8832555a16bc8f,java,ok,1,java-maven,junit,true,false,16,0,16,0,,,,"",157.53000000000003,175
139045923,139045924,359,db089e01a8d9dcca3eee903aece6385883302af0,java,broken,1,java-maven,junit,true,true,482,1,483,0,,,,RealmTest#,143.8,156
107790889,107790890,35,88ceebc6feff0b08f2275f6099b0abc10d8db1bb,java,ok,1,java-maven,"",false,,,,,,,,,"",0,
139050333,139050334,360,5995bba8f72707db3624c14520e556574cd82a45,java,ok,2,java-maven,junit,true,false,16,0,16,0,,,,"",156.25,175
141575188,141575189,361,8f54019e8b692b45993de9e5f8f3050a1f7b4856,java,broken,1,java-maven,junit,true,true,482,1,483,0,,,,CloseCodeReasonMessageTest#,143.28,156
141582607,141582608,362,8e9894e5532a0af12cd1bb62a857acfc00494c32,java,ok,1,java-maven,junit,true,false,16,0,16,0,,,,"",164.41000000000003,185
141586792,141586793,363,4ff74b9b3e6e37d15ffb94b5d83d9ed0e02aa92f,java,ok,1,java-maven,junit,true,false,16,0,16,0,,,,"",163.65,180
141586798,141586799,364,4ff74b9b3e6e37d15ffb94b5d83d9ed0e02aa92f,java,ok,1,java-maven,junit,true,false,16,0,16,0,,,,"",161.42999999999998,180
141586803,141586804,365,44a1fea6cbeb601ca9f1f0a1207da4774d7df4d0,java,ok,1,java-maven,junit,true,false,16,0,16,0,,,,"",156.65,171
141615901,141615902,366,4e09bf7dee3fc1736caa0774a96e821a44845338,java,unknown,1,java-maven,"",false,,,,,,,,,"",0,
141621134,141621135,367,0a10b40a6343203bced462db2ae3c61bcae4909e,java,ok,1,java-maven,junit,true,false,16,0,16,0,,,,"",156.11,173
141622106,141622107,368,0406d376d76d407aafa4ef63595c9a55f3acbb6f,java,ok,1,java-maven,junit,true,false,16,0,16,0,,,,"",166.85,189
141622114,141622115,369,0406d376d76d407aafa4ef63595c9a55f3acbb6f,java,ok,1,java-maven,junit,true,false,16,0,16,0,,,,"",156.55,176
107790917,107790918,36,473d96dd3013b1da494aabfea01c37b4a52cf4a3,java,ok,1,java-maven,"",false,,,,,,,,,"",0,
141622125,141622126,370,7e81cb55cb9947c032e97ece59079297551855cb,java,ok,1,java-maven,junit,true,false,16,0,16,0,,,,"",161.79,178
141628508,141628509,371,88b46b23f61411295584acab2e37f1031eb8a1d0,java,ok,1,java-maven,junit,true,false,16,0,16,0,,,,"",152.37,173
141629559,141629560,372,1ed5eca4baa8e6f11a54e6ae61cf7c4991191d6d,java,ok,1,java-maven,junit,true,false,16,0,16,0,,,,"",164.46000000000004,187
141629561,141629562,373,1ed5eca4baa8e6f11a54e6ae61cf7c4991191d6d,java,ok,1,java-maven,junit,true,false,16,0,16,0,,,,"",155.69,171
141629569,141629570,374,12584f13acc5a844e195bd1aa96b1b6105518f89,java,ok,1,java-maven,junit,true,false,16,0,16,0,,,,"",159.55,178
142211144,142211145,375,289773edfbd8d45cbd4d18a887e7d955746ea7d9,java,broken,2,java-maven,junit,true,true,483,1,484,0,,,,PerRequestTimeoutTest#,146.49,162
142212942,142212943,376,3e74fce848ce6a0a0ac66b2ee5cdc5da72fc543f,java,broken,1,java-maven,junit,true,true,483,1,484,0,,,,PerRequestTimeoutTest#,145.6,161
142212944,142212945,377,3e74fce848ce6a0a0ac66b2ee5cdc5da72fc543f,java,broken,1,java-maven,junit,true,true,483,1,484,0,,,,PerRequestTimeoutTest#,144.14,157
142212962,142212963,378,b2f8b9bed07d9e594184c5867c297a5d7d88ca6b,java,broken,1,java-maven,junit,true,true,483,1,484,0,,,,PerRequestTimeoutTest#,144.02,159
142216507,142216509,379,2c74da44b935a837183d2584b502febf5d415afc,java,ok,3,java-maven,junit,true,false,16,0,16,0,,,,"",156.67999999999998,176
107884693,107884694,37,f47fa7bfe5ddf13e13c72d884d0dc6eb15cb73f2,java,ok,2,java-maven,"",false,,,,,,,,,"",0,
142217074,142217075,380,8ecf95c81a6bb32f9eb51034850dd0159266e96a,java,ok,1,java-maven,junit,true,false,16,0,16,0,,,,"",156.7,174
142217086,142217088,381,8ecf95c81a6bb32f9eb51034850dd0159266e96a,java,broken,1,java-maven,junit,true,true,483,1,484,0,,,,PerRequestTimeoutTest#,145.53,160
142217108,142217109,382,ba45fa58f5e3747c16f5be7a21d7035d154ccfcf,java,ok,1,java-maven,junit,true,false,16,0,16,0,,,,"",168.46999999999997,190
143378309,143378310,383,7aecb49ad62d4424f797abd3130b21746be99b4b,java,ok,0,java-maven,junit,true,false,16,0,16,0,,,,"",167.76000000000002,186
143382653,143382654,384,86bb4cc2cbc36e3b840e18fe23b60710eccf827a,java,ok,0,java-maven,junit,true,false,16,0,16,0,,,,"",169.86,192
143903889,143903890,385,675cc1df9d2d5d996d0792c1f9272cd8273fe12a,java,ok,0,java-maven,junit,true,false,16,0,16,0,,,,"",155.26,172
144041928,144041929,386,2eca6139c5022811c206898ac4647777cabab9df,ruby,broken,1,ruby,"",false,,,0,,,,,,"",,
144282415,144282423,387,fa61c48a9b39bba3e1be8237a0b2bb4c31f18a37,ruby,broken,2,ruby,"",false,,,0,,,,,,"",,
144468676,144468677,388,3b05d39b8a27f0594d67ddd962bc5ac3c3a5fe42,java,ok,9,java-maven,junit,true,false,16,0,16,0,,,,"",161.89,180
144813694,144813695,389,ec3a86018c58124c3db2b77b7a689b256ab92003,java,ok,1,java-maven,junit,true,false,16,0,16,0,,,,"",149.34000000000003,166
108114520,108114521,38,42f6d19477ebc7728dda73a9bf399d22d47f9a6b,java,ok,1,java-maven,"",false,,,,,,,,,"",0,
145087925,145087926,390,1b52e323d6d7f4391b395ffd71ecffb144dd4efb,java,ok,2,java-maven,junit,true,false,16,0,16,0,,,,"",162.16,182
145358384,145358385,391,a2629f2302d79140756833ab81677b5ee0ce61c7,java,ok,0,java-maven,junit,true,false,16,0,16,0,,,,"",149.87999999999997,165
145396155,145396156,392,f24ae31e0a1df1d85d0c598b6d484b2acbc0587e,java,ok,0,java-maven,junit,true,false,16,0,16,0,,,,"",151.95,169
145396714,145396715,393,c3bb2bd7d7f85ac6e6dfbef73a3d6cb119a173ff,java,ok,1,java-maven,junit,true,false,16,0,16,0,,,,"",174.11999999999998,198
146107987,146107988,394,d3a031d8562bb4ad1f12d9f03ed981cb765b579b,java,ok,1,java-maven,junit,true,false,16,0,16,0,,,,"",164.38999999999996,184
146203271,146203272,395,244e97ff4ac82fe27a6d9cb081c452affc776568,java,ok,1,java-maven,junit,true,false,16,0,16,0,,,,"",168.96,188
146209725,146209726,396,0ce266d537471636b6325d9a0ebd33829d6f11cf,java,ok,1,java-maven,junit,true,false,16,0,16,0,,,,"",154.91,169
146211365,146211366,397,0af5eec7d2a2f01fe20276221b4e132eda239e90,java,ok,3,java-maven,junit,true,false,16,0,16,0,,,,"",178.45,200
146211387,146211388,398,0af5eec7d2a2f01fe20276221b4e132eda239e90,java,ok,1,java-maven,junit,true,false,16,0,16,0,,,,"",156.43,176
146211422,146211423,399,e9b42989a1629efc4e26e47c8db13fe1051bc883,java,ok,1,java-maven,junit,true,false,16,0,16,0,,,,"",158.28,174
108116648,108116649,39,91ebeba2211d39c2415f013dd328b3e4ce3d9d36,java,ok,2,java-maven,"",false,,,,,,,,,"",0,
102849226,102849227,3,892d4c8a9438641d2f6e19eaac4845c3547c07d3,java,broken,1,java-ant,"",false,,,,,,,,,"",,
146321783,146321784,400,0ce266d537471636b6325d9a0ebd33829d6f11cf,java,ok,1,java-maven,junit,true,false,16,0,16,0,,,,"",156.38,176
146322062,146322063,401,53c0beb458297caa42aa61cbbc35f663eee87896,java,ok,1,java-maven,junit,true,false,16,0,16,0,,,,"",152.32999999999998,182
146322066,146322067,402,53c0beb458297caa42aa61cbbc35f663eee87896,java,ok,1,java-maven,junit,true,false,16,0,16,0,,,,"",160.17000000000004,178
146322072,146322073,403,55f23560bcefe6295c0c3b68a6042b4beea9dfc7,java,ok,1,java-maven,junit,true,false,16,0,16,0,,,,"",162.63,181
146410515,146410519,404,2478b2e83d5167c2aabcdd75162fe341b660b0b7,java,ok,3,java-maven,junit,true,false,16,0,16,0,,,,"",174.79,196
146410608,146410614,405,2478b2e83d5167c2aabcdd75162fe341b660b0b7,java,ok,1,java-maven,junit,true,false,16,0,16,0,,,,"",160.73000000000002,182
146410750,146410753,406,8fb691e80fa7dcf845e1a1d529f8e4c1adff1719,java,ok,2,java-maven,junit,true,false,16,0,16,0,,,,"",151.99,169
146414719,146414722,407,0ce266d537471636b6325d9a0ebd33829d6f11cf,java,ok,2,java-maven,junit,true,false,16,0,16,0,,,,"",153.14999999999998,171
147097078,147097079,408,4219a5cc7e4431d1689376ab697db8d1f4f7758a,java,ok,1,java-maven,junit,true,false,16,0,16,0,,,,"",161.53,181
147155251,147155252,409,6383f7713ce1df75d27407dd3f3a63b0216b2c16,java,ok,0,java-maven,junit,true,false,16,0,16,0,,,,"",167.63,291
108123142,108123143,40,27161cc4f2ebb9bbc5435311fa31b4a574176881,java,ok,1,java-maven,"",false,,,,,,,,,"",0,
147763135,147763136,410,b41732e2795c4efb7e491ea50b0d2b088a9127ee,java,ok,1,java-maven,junit,true,false,16,0,16,0,,,,"",160.12,178
147765035,147765053,411,c3aa9c233ba66b99d76cae2c4a146b16a95e08f3,ruby,broken,2,ruby,"",false,,,0,,,,,,"",,
147780539,147780566,412,01ba725122946767d94f7e6b114a583ee15cb065,ruby,broken,1,ruby,"",false,,,0,,,,,,"",,
147825236,147825239,413,633ace026648d94647f709891a77325bc3311795,ruby,broken,1,ruby,"",false,,,0,,,,,,"",,
147825431,147825432,414,8b64aa18b7c5a9433ba13e25b10ad49aacac9668,ruby,broken,1,ruby,"",false,,,0,,,,,,"",,
147825436,147825442,415,8b64aa18b7c5a9433ba13e25b10ad49aacac9668,ruby,broken,1,ruby,"",false,,,0,,,,,,"",,
147825447,147825453,416,83fab769a33cdaf41f0d575b89fc4d9e49832fa6,ruby,broken,1,ruby,"",false,,,0,,,,,,"",,
148076883,148076884,417,04a0160f71ff1791b05d69279503d7c8446aa7c2,ruby,unknown,4,ruby,"",false,,,0,,,,,,"",,
148077256,148077257,418,da4e4af4799044719ed24e0f56df0ad2dcc8a19e,ruby,broken,4,ruby,"",false,,,0,,,,,,"",,
148195535,148195536,419,39d5f5a47f58a5e7420619e21938085494b0faa7,java,ok,1,java-maven,junit,true,false,16,0,16,0,,,,"",158.16000000000003,178
108282671,108282672,41,662fbb2dc6738ddbb307113b0b8bc9fd212e1184,java,ok,1,java-maven,"",false,,,,,,,,,"",0,
148784743,148784744,420,7c8ecfe6e38507f6875375bcacb108398a099f17,java,ok,1,java-maven,junit,true,false,16,0,16,0,,,,"",158.05,176
149366211,149366212,421,6934adf72516325d6f18ee441ed8d19986110ab7,java,ok,0,java-maven,junit,true,false,16,0,16,0,,,,"",170.34000000000003,191
149555537,149555538,422,15715fad3fc52dfbec967840f684c328016988a2,java,ok,2,java-maven,junit,true,false,16,0,16,0,,,,"",153.79000000000002,168
151176028,151176029,423,50236ae2ca1408a34418fa6db393f9f5fb3f540b,java,ok,1,java-maven,junit,true,false,16,0,16,0,,,,"",145.10999999999996,152
151176269,151176270,424,074bb326b0a0bf0e05b1ed169ffa2d56bf6d4446,java,ok,1,java-maven,junit,true,false,16,0,16,0,,,,"",160.27,170
151176289,151176290,426,128d9963d3554c8f40b5fc353a7db565947d00c5,java,ok,1,java-maven,junit,true,false,16,0,16,0,,,,"",153.02999999999997,163
151450534,151450535,427,ffa03cf60d1e6b47c3d0facbba1eb85f54d29b5e,java,broken,0,java-maven,junit,true,true,484,1,485,0,,,,AsyncStreamHandlerTest#,142.85,155
151454238,151454239,428,79bfe1d84023001b030f03be752022b0f20bf5d4,java,broken,0,java-maven,junit,true,true,484,1,485,0,,,,AsyncStreamHandlerTest#,142.44,155
151478267,151478268,429,e3a1764f5f05c15975ab8c60c631d999708ebbb4,java,ok,1,java-maven,junit,true,false,16,0,16,0,,,,"",158.91,176
108778829,108778830,42,9dbb72c90794d7d425931367775b2ff858ee1984,ruby,broken,1,ruby,"",false,,,0,,,,,,"",,
151478724,151478725,430,34c46bd51ecf0dd01005f3dc27a2683047c8b416,java,ok,1,java-maven,junit,true,false,16,0,16,0,,,,"",163.39000000000001,182
151496797,151496798,431,8449d112f2d77cde74027a335a52999f29ed855a,java,ok,1,java-maven,junit,true,false,16,0,16,0,,,,"",161.53999999999996,179
151498623,151498624,432,9b1edabc6270ff19a9f910595df986af05571603,java,ok,1,java-maven,junit,true,false,16,0,16,0,,,,"",159.07999999999998,175
152651285,152651286,433,3d2bb58043638f04a9f47bc226c1d1a657814c01,java,ok,3,java-maven,junit,true,false,16,0,16,0,,,,"",158.93,179
152669807,152669808,434,9b0097a88139e03d6cd5d90bb35b334f16aaf63d,java,ok,2,java-maven,junit,true,false,16,0,16,0,,,,"",159.17000000000002,178
152672408,152672409,435,0902f3eb8ec7ca32860bb3b056d09cd11e26f3d2,java,ok,1,java-maven,junit,true,false,16,0,16,0,,,,"",168.82,191
152675916,152675917,436,ae53c0fa1cd2a3ed4554c715fe6ba0278b683f2d,java,broken,1,java-maven,junit,true,true,484,1,485,0,,,,RealmTest#,147.2,160
152677624,152677625,437,27f9112a38cac742508ec7458a4f158a2cdaa746,java,ok,1,java-maven,junit,true,false,16,0,16,0,,,,"",161.56000000000003,180
152677654,152677655,438,8e1af18e9b73b2720992045815b10230402f5c6c,java,ok,6,java-maven,junit,true,false,16,0,16,0,,,,"",162.92000000000002,187
152677666,152677667,438,8e1af18e9b73b2720992045815b10230402f5c6c,java,ok,5,java-maven,junit,true,false,16,0,16,0,,,,"",160.41,177
152714608,152714609,439,a8207146bee599cb0de70293416b43ff31adea63,java,ok,1,java-maven,junit,true,false,16,0,16,0,,,,"",154.55999999999997,174
109703363,109703364,43,c3a89209c2d3a5718aba2adc295c8ef733910703,java,ok,1,java-maven,"",false,,,,,,,,,"",0,
152946017,152946018,440,df522adcbce83b8ea0c6e17ab3f9911d6f0a9398,java,ok,1,java-maven,junit,true,false,16,0,16,0,,,,"",155.75999999999996,176
154068684,154068685,441,9566dfb6f7d218ce38e1e99e60807f8f0ead98a5,java,ok,1,java-maven,junit,true,false,16,0,16,0,,,,"",156.00000000000006,176
155290051,155290052,442,6f125c7090015ede1556509e7c1ac86fca80b5ab,java,ok,1,java-maven,junit,true,false,16,0,16,0,,,,"",158.15999999999997,177
155290503,155290504,443,7a6535ab0dba0b489ba250d051eb7fbcfd4142cd,java,ok,3,java-maven,junit,true,false,16,0,16,0,,,,"",155.25,173
155290505,155290506,444,7a6535ab0dba0b489ba250d051eb7fbcfd4142cd,java,ok,4,java-maven,junit,true,false,16,0,16,0,,,,"",155.5,175
155290513,155290514,445,2cb1d8a38a3d243ad20d021be6e06b45cd65bf02,java,ok,1,java-maven,junit,true,false,16,0,16,0,,,,"",168.05000000000004,190
155351556,155351557,446,fff0ab8b3e4d858165075f77becb0187c61b9d61,java,ok,1,java-maven,junit,true,false,16,0,16,0,,,,"",163.98,183
155357085,155357086,447,0058f267c6496c212d34771d05459047b6ec3e76,java,ok,1,java-maven,junit,true,false,16,0,16,0,,,,"",166.95,188
155357092,155357093,448,0058f267c6496c212d34771d05459047b6ec3e76,java,ok,1,java-maven,junit,true,false,16,0,16,0,,,,"",159.96,175
155357128,155357129,449,61cd375b0881671f2ce271b916b9bbaa5909938e,java,ok,1,java-maven,junit,true,false,16,0,16,0,,,,"",160.53,178
109704094,109704096,44,8259dca7a0aed969fe4aeb452718b4b179e8d76c,java,ok,1,java-maven,"",false,,,,,,,,,"",0,
155359194,155359195,450,0757d83d3efce4a77b29fd34aa91347efe901123,java,ok,2,java-maven,junit,true,false,16,0,16,0,,,,"",159.69,176
156038927,156038928,451,e98f6fd1fde25c30e677513fd1beb7c07b6a89e3,java,unknown,3,java-maven,"",false,,,,,,,,,"",0,
156041019,156041020,452,0a0cdb81f9dd9c197370b89ba7d4af5281f2c73a,java,ok,1,java-maven,junit,true,false,16,0,16,0,,,,"",163.88,183
109706511,109706514,45,8a6cae21fa9f78ead59138c30c4c6ff1c090accb,java,ok,2,java-maven,"",false,,,,,,,,,"",0,
109706917,109706918,46,fd6113fe4eba109af8898a01ebb61c7df5841ce3,java,ok,1,java-maven,"",false,,,,,,,,,"",0,
109706933,109706934,47,fbc6d48666bafddf6a620df8692a26e28e22e8c5,java,ok,1,java-maven,"",false,,,,,,,,,"",0,
110234231,110234232,48,7ec9cb1c7587645ff9f76665bbd0055329679af5,java,unknown,0,java-ant,"",false,,,,,,,,,"",,
110280369,110280370,49,aeb318ac61cd6b5e214a6434a2de22fcd5f4ed0f,java,unknown,0,java-ant,"",false,,,,,,,,,"",,
102850872,102850873,4,cc86974f6250c3f3ed279c707e22d8bb0e877e85,java,broken,1,java-ant,"",false,,,,,,,,,"",,
110315359,110315360,50,3db03c3809153325b9a4fe68710a2e47ccb9c943,java,ok,1,java-maven,"",false,,,,,,,,,"",0,
110326879,110326880,51,a2f9610716a1fa023c4ab1518c5db5934186eb73,java,ok,1,java-maven,"",false,,,,,,,,,"",0,
112635808,112635809,52,e98e65f3fc2f0cdc46d2c553cb117156e046bf3a,java,ok,1,java-maven,"",false,,,,,,,,,"",0,
112636726,112636727,53,76f5e121fcb4801e7773eca912ced16f46d867aa,java,ok,1,java-maven,"",false,,,,,,,,,"",0,
112637675,112637676,54,a0e445c5f79ae44b339483e248c8163e9c2089ca,java,ok,1,java-maven,"",false,,,,,,,,,"",0,
112637804,112637805,55,0f2738a8f31a221a954e0b198f79b25808eea85f,java,ok,1,java-maven,"",false,,,,,,,,,"",0,
112637914,112637915,56,7123d02f8683238db840358986b4a519a5b85658,java,ok,1,java-maven,"",false,,,,,,,,,"",0,
112638122,112638123,57,9872ce0c44c28be41ce15e9067933d315aabbcc8,java,ok,1,java-maven,"",false,,,,,,,,,"",0,
113084407,113084408,58,47ebfbb521cab82fb0b68a1d39b1af4f3555e6a8,java,ok,1,java-maven,"",false,,,,,,,,,"",0,
113088099,113088100,59,9ccf3b32ee5f72a78c89a3f78d2d96fa3dbaa1ec,java,ok,1,java-maven,"",false,,,,,,,,,"",0,
102851170,102851171,5,1cca8b09d2c2f39e60caf7416531905a8e7fd2a1,java,ok,1,java-maven,"",false,,,,,,,,,"",0,
113088101,113088102,60,7a4d0f45828da5c270e749889a0e8dba309e6310,java,ok,1,java-maven,"",false,,,,,,,,,"",0,
113172768,113172769,61,cae506ffa3bdf26e187fb6997aa042a784f97d9a,java,unknown,0,java-maven,"",false,,,,,,,,,"",0,
113182836,113182837,62,8a00a4bfc6d7e12185c13bbdb46ea554073ca329,java,unknown,0,java-ant,"",false,,,,,,,,,"",,
113334276,113334277,63,d4dae648dd39ca715e7fa52d60476d3afd8b2836,java,ok,0,java-ant,"",false,,,,,,,,,"",,
113334864,113334865,64,fac496c7c97603ef284baa5359374c4ec9a53186,java,ok,1,java-maven,"",false,,,,,,,,,"",0,
113612953,113612954,65,4c8b39acc32cb47ecde03ef9cc0ad7e703d27701,java,ok,1,java-maven,"",false,,,,,,,,,"",0,
113724210,113724211,66,d500dd7351ee93f0c203582cf983e3b131e24968,ruby,broken,1,ruby,"",false,,,0,,,,,,"",,
114170530,114170531,67,08b12041415c86bd609b8f8f7b61069eebad799a,java,ok,0,java-ant,"",false,,,,,,,,,"",,
114180294,114180295,68,7561c37d3b505572746fdeaec88631fb6d201c77,java,ok,1,java-maven,"",false,,,,,,,,,"",0,
114180585,114180586,69,48b18e1e17896d3ae4bc0c0c9bcd0dc1695ae582,java,ok,1,java-maven,"",false,,,,,,,,,"",0,
102851991,102851992,6,7a9be911f233200a349cb96ec6b810fb6fbeaaad,java,ok,1,java-maven,"",false,,,,,,,,,"",0,
114180682,114180683,70,b9faeaf0a2723ecc1c26d7ebe7ff8bda8188cf8c,java,ok,1,java-maven,"",false,,,,,,,,,"",0,
114181186,114181187,71,ca0ab9e6cf7994d5268415a332f067a2bfeca263,java,ok,1,java-maven,"",false,,,,,,,,,"",0,
114238947,114238948,72,ddd72905de3a6d1dc392a8ab035802bdcaac8cde,java,ok,1,java-maven,"",false,,,,,,,,,"",0,
114390179,114390180,73,81aa4f89c49ee721189c1219ff902eec259a3fed,java,ok,1,java-maven,"",false,,,,,,,,,"",0,
114390189,114390191,74,81aa4f89c49ee721189c1219ff902eec259a3fed,java,ok,1,java-ant,"",false,,,,,,,,,"",,
114390213,114390214,75,d6069368fb75491b0a19941c35990eea83d4a9fe,java,ok,1,java-maven,"",false,,,,,,,,,"",0,
114566889,114566890,76,e418d627107e1e797ea4d03e6b93e2a356ee995e,java,ok,1,java-maven,"",false,,,,,,,,,"",0,
115238426,115238427,77,7d7d3f39d937069c476e6b8a4cf99fcd2a17cd77,java,ok,0,java-ant,"",false,,,,,,,,,"",,
115259319,115259320,78,088948a277fbc3ab8df32ad178d95562587c6902,ruby,broken,1,ruby,"",false,,,0,,,,,,"",,
115800633,115800634,79,604d1ffdc1b5f37832166feaf0a7946018dca3a0,ruby,broken,1,ruby,"",false,,,0,,,,,,"",,
102853037,102853038,7,3d7b611ab5c6435b5f605f497189f5b9122c5927,java,ok,1,java-maven,"",false,,,,,,,,,"",0,
115800635,115800636,80,604d1ffdc1b5f37832166feaf0a7946018dca3a0,ruby,broken,1,ruby,"",false,,,0,,,,,,"",,
115800647,115800648,81,01c032942fcc4cb71c0d340ea1522d0d627d47b1,ruby,broken,1,ruby,"",false,,,0,,,,,,"",,
116345883,116345884,82,85e371ce8de67ec161f4094338c1f60caf05e0c0,java,ok,0,java-ant,"",false,,,,,,,,,"",,
116406587,116406588,83,ee96868d140fe3f249c6dda3b18e3cc68cc5f112,java,ok,0,java-ant,"",false,,,,,,,,,"",,
116414469,116414470,84,98ce2fe9dcdefb9e6c77e32278bd35d1c9f3b7b1,java,ok,1,java-ant,"",false,,,,,,,,,"",,
116424568,116424569,85,00ab0bc79a9394b04c2e62d19f97a6b4988685aa,java,ok,1,java-maven,"",false,,,,,,,,,"",0,
116429692,116429694,86,b8ced24eb34010f13a2585f3dec451d5c2069949,java,ok,1,java-maven,"",false,,,,,,,,,"",0,
116429698,116429699,87,b8ced24eb34010f13a2585f3dec451d5c2069949,java,ok,1,java-ant,"",false,,,,,,,,,"",,
116429726,116429727,88,c58c9aec15c09f8bab90fab44fc3766c5537481e,java,ok,1,java-maven,"",false,,,,,,,,,"",0,
116433076,116433077,89,e654be1f257499f9cae9b3929a8f9098a1c59cc3,java,ok,1,java-maven,"",false,,,,,,,,,"",0,
103056668,103056669,8,863e336c60bd72c0d7856b983a359850cf661d4e,java,ok,1,java-maven,"",false,,,,,,,,,"",0,
116433759,116433760,90,ee71e19c50b6894d70670c788eaa055de9bfd516,java,ok,1,java-maven,"",false,,,,,,,,,"",0,
116433768,116433769,91,ee71e19c50b6894d70670c788eaa055de9bfd516,java,ok,2,java-ant,"",false,,,,,,,,,"",,
116433778,116433779,92,db577af8b5e8c10472e6ddaa5eafbc6008d1d285,java,ok,1,java-maven,"",false,,,,,,,,,"",0,
116463444,116463447,93,1d5b880e7e07b53942ded35bad82f39f65ba5761,ruby,broken,1,ruby,"",false,,,0,,,,,,"",,
116466857,116466859,94,220e216d9e2c58b303b121c50901ecbe4c83fee3,ruby,broken,1,ruby,"",false,,,0,,,,,,"",,
116466896,116466897,95,220e216d9e2c58b303b121c50901ecbe4c83fee3,ruby,broken,1,ruby,"",false,,,0,,,,,,"",,
116466903,116466904,96,e8ac29760526cb1c25055a508a9dd1e2939c1b30,ruby,broken,1,ruby,"",false,,,0,,,,,,"",,
116840881,116840882,97,127b294073b05acf65a503d2a1fb2de88f61c4a1,java,ok,1,java-maven,"",false,,,,,,,,,"",0,
116841281,116841284,98,b8764d23b736a560dd80e87c709d23b1977b63fd,ruby,broken,5,ruby,"",false,,,0,,,,,,"",,
116843524,116843526,99,2fc0d89cf6a0bbd6525ae28e9f80b5f8ebe45ae2,ruby,broken,1,ruby,"",false,,,0,,,,,,"",,
103380053,103380055,9,c48775580b4960bf592a327bbf9854ac621e726f,java,ok,1,java-maven,"",false,,,,,,,,,"",0,
